,mean,std,CV
frac_C,0.322186,0.0375417,0.116522
frac_D,0.599856,0.0547131,0.0912104
frac_L,0.077958,0.0520841,0.668105
