t,frac_C,frac_D,frac_L,avg_res,gini,cum_sigma_hat,cum_output_hat,per_sigma,per_output,per_net,cum_net_hat
0,0.5,0.5,0.0,10.0,0.0,0.0,0.0,0.0,0.0,0.0,0.0
50000,0.2968,0.7032,0.0,56.08458675895154,0.25737899495931127,0.0,1.3764817952000055,0.0,3635.6000000000004,3635.6000000000004,1.3764817952000055
