# GRID = {'r': [1.2,1.4,1.6, 1.8], 'allow_forced_l_in_cd': [True, False]},,,,,,,,,,
# BASE = Params(Lsize=50, T=50000, fc=0.5, fd=0.5, fL=None, pi0=5.0, r=1.6, sigma=0.25, alpha=1.0, gamma=10.0, beta=0.1, Min_Res=-10000.0, kappa=1, learn_signal='cumulative', seed=0, allow_forced_l_in_cd=False)
# REPLICAS = 8, T = 50000,,,,,,,,,,,,,,
allow_forced_l_in_cd,r,frac_C_mean,frac_D_mean,frac_L_mean,avg_res_mean,gini_mean,cum_sigma_mean,net_sum_res_mean,,,,,,,
FALSE,1.2,1,0,0,35.999999999999986,0,0,89999.99999999996,,,,,,,
TRUE,1.2,1,0,0,35.999999999999986,0,12776.25,77223.74999999996,,,,,,,
FALSE,1.4,0.86225,0.13774999999999998,0,32.167645685971365,0.0820862667109391,0,80419.1142149284,,,,,,,
TRUE,1.4,0.8666,0.13335,5e-05,32.080770560281984,0.08271686201612567,64750.625,15451.301400704946,,,,,,,
FALSE,1.6,0.44749999999999995,0.5525,0,16.696000815646016,0.3842692954607603,0,41740.00203911505,,,,,,,
TRUE,1.6,0.4568,0.36124999999999996,0.18195,16.590101057698554,0.4169895859144155,20181106.13,-20139630.87,,,,,,,
FALSE,1.8,0,1,0,-9999.515561,1.6798342971746595e-05,0,-24998788.9,,,,,,,
TRUE,1.8,0.625,0,0.375,21.950387880014652,0.20591289676653285,47233259.5,-47178383.53,,,,,,,
