t,frac_C,frac_D,frac_L,avg_res,gini,per_sigma,per_output,per_net,cum_net_hat,edges_CC,edges_CD,edges_DD,edges_CL,edges_DL,edges_LL,edges_total,edges_CC_ratio,edges_CD_ratio,edges_DD_ratio,edges_CL_ratio,edges_DL_ratio,edges_LL_ratio,D_perimeter,D_perimeter_ratio
0,0.5,0.5,0.0,10.0,0.0,0.0,0.0,0.0,0.0,1216,2568,1216,0,0,0,5000,0.2432,0.5136,0.2432,0.0,0.0,0.0,2568,0.5136
50000,0.3308,0.5724,0.0968,69.88690942740901,0.10215595820210854,234.0,3721.2000000000003,3487.2000000000003,1.4236191023999902,1103,1082,2235,20,172,388,5000,0.2206,0.2164,0.447,0.004,0.0344,0.0776,1254,0.2508
