t,frac_C,frac_D,frac_L,avg_res,gini,cum_sigma_hat,cum_output_hat,per_sigma,per_output,per_net,cum_net_hat
0,0.5,0.5,0.0,10.0,0.0,0.0,0.0,0.0,0.0,0.0,0.0
50000,0.3308,0.5724,0.0968,69.88690942740901,0.10215595820210854,0.091201704,1.5148208063999904,234.0,3721.2000000000003,3487.2000000000003,1.4236191023999902
